{
  "duration": 50.055145,
  "height": 24,
  "command": null,
  "stdout": [
    [
      0.718695,
      "\u001b]0;osboxes@osboxes: ~/react-file-size\u0007\u001b[01;32mosboxes@osboxes\u001b[00m:\u001b[01;34m~/react-file-size\u001b[00m$ "
    ],
    [
      15.313751,
      "g"
    ],
    [
      0.100578,
      "i"
    ],
    [
      0.091192,
      "t"
    ],
    [
      0.067552,
      " "
    ],
    [
      0.124532,
      "s"
    ],
    [
      0.055933,
      "t"
    ],
    [
      0.123798,
      "a"
    ],
    [
      0.078768,
      "t"
    ],
    [
      0.123306,
      "u"
    ],
    [
      0.089322,
      "s"
    ],
    [
      0.127718,
      "\r\nOn branch master\r\nYour branch is up-to-date with 'origin/master'.\r\nUntracked files:\r\n  (use \"git add <file>...\" to include in what will be committed)\r\n\r\n\t\u001b[31mvim\u001b[m\r\n\r\nnothing added to commit but untracked files present (use \"git add\" to track)\r\n"
    ],
    [
      0.000384,
      "\u001b]0;osboxes@osboxes: ~/react-file-size\u0007\u001b[01;32mosboxes@osboxes\u001b[00m:\u001b[01;34m~/react-file-size\u001b[00m$ "
    ],
    [
      7.410615,
      "l"
    ],
    [
      0.045285,
      "s"
    ],
    [
      0.10192,
      "\r\n"
    ],
    [
      0.000421,
      "\u001b[0m\u001b[01;32mindex.js\u001b[0m  package.json  \u001b[01;34mpublic\u001b[0m  README.md  \u001b[01;34mspec\u001b[0m  \u001b[01;34msrc\u001b[0m  vim  yarn.lock"
    ],
    [
      6e-05,
      "\r\n"
    ],
    [
      0.000554,
      "\u001b]0;osboxes@osboxes: ~/react-file-size\u0007\u001b[01;32mosboxes@osboxes\u001b[00m:\u001b[01;34m~/react-file-size\u001b[00m$ "
    ],
    [
      1.774134,
      "v"
    ],
    [
      0.046617,
      "i"
    ],
    [
      0.045484,
      "m"
    ],
    [
      0.0664,
      " "
    ],
    [
      0.169024,
      "p"
    ],
    [
      0.123557,
      "a"
    ],
    [
      0.135035,
      "c"
    ],
    [
      0.112303,
      "k"
    ],
    [
      0.154512,
      "age.json "
    ],
    [
      0.431214,
      "\r\n"
    ],
    [
      0.024458,
      "\u001b[?1049h\u001b[?1h\u001b="
    ],
    [
      0.000105,
      "\u001b[2;1H▽\u001b[6n"
    ],
    [
      6.9e-05,
      "\u001b[2;1H  \u001b[1;1H"
    ],
    [
      0.001055,
      "\u001b]11;?\u0007"
    ],
    [
      0.005916,
      "\u001b[1;24r\u001b[?12;25h\u001b[?12l\u001b[?25h\u001b[27m\u001b[23m\u001b[m\u001b[H\u001b[2J\u001b[?25l\u001b[24;1H\"package.json\""
    ],
    [
      9.5e-05,
      " 93L, 2892C"
    ],
    [
      0.001688,
      "\u001b[>c"
    ],
    [
      0.002765,
      "\u001b[1;1H\u001b[38;5;224m{\u001b[m\r\n  \"\u001b[93mname\u001b[m\": \"\u001b[95mreact-file-size\u001b[m\",\r\n  \"\u001b[93mversion\u001b[m\": \"\u001b[95m1.0.0\u001b[m\",\r\n  \"\u001b[93mdescription\u001b[m\": \"\u001b[95mShow file size changes over versions of React\u001b[m\",\r\n  \"\u001b[93mmain\u001b[m\": \"\u001b[95mindex.js\u001b[m\",\r\n  \"\u001b[93mbin\u001b[m\": \u001b[38;5;224m{\u001b[m\r\n    \"\u001b[93mreact-file-size\u001b[m\": \"\u001b[95m./index.js\u001b[m\"\r\n  \u001b[38;5;224m}\u001b[m,\r\n  \"\u001b[93mscripts\u001b[m\": \u001b[38;5;224m{\u001b[m\r\n    \"\u001b[93mstart\u001b[m\": \"\u001b[95mnode index.js\u001b[m\",\r\n    \"\u001b[93mtest\u001b[m\": \"\u001b[95mmocha spec/ --require babel-register\u001b[m\",\r\n    \"\u001b[93mtest:watch\u001b[m\": \"\u001b[95mnpm t -- --watch\u001b[m\",\r\n    \"\u001b[93mcover\u001b[m\": \"\u001b[95mnyc npm test\u001b[m\",\r\n    \"\u001b[93mcover:open\u001b[m\": \"\u001b[95mopen coverage/lcov-report/index.html\u001b[m\",\r\n    \"\u001b[93mlint\u001b[m\": \"\u001b[95mjscs src/index.js && eslint src/index.js\u001b[m\",\r\n    \"\u001b[93mlint:fix\u001b[m\": \"\u001b[95mjscs src/index.js --fix && eslint src/index.js --fix\u001b[m\",\r\n    \"\u001b[93mbuild\u001b[m\": \"\u001b[95mnpm run build:html && npm run build:css && npm run build:js && npmm\u001b[18;1H run uglify\u001b[m\",\r\n    \"\u001b[93mbuild:html\u001b[m\": \"\u001b[95mjade --obj data.json src/index.jade --out pu"
    ],
    [
      1.3e-05,
      "blic/\u001b[m\",\r\n    \"\u001b[93mbuild:css\u001b[m\": \"\u001b[95mnode-sass src/index.scss public/index.css\u001b[m\",\r\n    \"\u001b[93mbuild:js\u001b[m\": \"\u001b[95mmustache data.json src/index.mustache.js > public/index.js\u001b[m\",\r\n    \"\u001b[93muglify\u001b[m\": \"\u001b[95mnpm run uglify:js && npm run uglify:css\u001b[m\",\r\n    \"\u001b[93muglify:js\u001b[m\": \"\u001b[95muglifyjs public/index.js -o public/index.min.js\u001b[m\",\u001b[24;63H8,1\u001b[11CTop\u001b[8;1H\u001b[?12l\u001b[?25h"
    ],
    [
      0.029634,
      "\u001bP+q436f\u001b\\\u001bP+q6b75\u001b\\\u001bP+q6b64\u001b\\\u001bP+q6b72\u001b\\\u001bP+q6b6c\u001b\\\u001bP+q2332\u001b\\\u001bP+q2334\u001b\\\u001bP+q2569\u001b\\\u001bP+q2a37\u001b\\\u001bP+q6b31\u001b\\"
    ],
    [
      5.323578,
      "\u001b[?25l\u001b[24;53Hj\u001b[8;1H"
    ],
    [
      0.000382,
      "\u001b[24;53H \u001b[9;1H\u001b[24;63H9\u001b[9;1H\u001b[?12l\u001b[?25h"
    ],
    [
      0.404579,
      "\u001b[?25l\u001b[24;53Hj\u001b[9;1H"
    ],
    [
      0.000345,
      "\u001b[24;53H \u001b[10;1H\u001b[24;63H10,1\u001b[10;1H\u001b[?12l\u001b[?25h"
    ],
    [
      2.238408,
      "\u001b[?25l\u001b[24;53Hw\u001b[10;1H"
    ],
    [
      0.000518,
      "\u001b[24;53H \u001b[10;5H\u001b[24;66H5\u001b[10;5H\u001b[?12l\u001b[?25h"
    ],
    [
      0.201633,
      "\u001b[?25l\u001b[24;53Hw\u001b[10;5H"
    ],
    [
      0.000345,
      "\u001b[24;53H \u001b[10;6H\u001b[24;66H6\u001b[10;6H\u001b[?12l\u001b[?25h"
    ],
    [
      0.157346,
      "\u001b[?25l\u001b[24;53Hw\u001b[10;6H"
    ],
    [
      0.000286,
      "\u001b[24;53H \u001b[10;11H\u001b[24;66H11\u001b[10;11H\u001b[?12l\u001b[?25h"
    ],
    [
      0.20216,
      "\u001b[?25l\u001b[24;53Hw\u001b[10;11H"
    ],
    [
      0.000215,
      "\u001b[24;53H \u001b[10;14H\u001b[24;67H4\u001b[10;14H\u001b[?12l\u001b[?25h"
    ],
    [
      0.304014,
      "\u001b[?25l\u001b[24;53Hw\u001b[10;14H"
    ],
    [
      0.000268,
      "\u001b[24;53H \u001b[10;15H\u001b[24;67H5\u001b[10;15H\u001b[?12l\u001b[?25h"
    ],
    [
      1.124895,
      "\u001b[?25l\u001b[24;53Hc\u001b[10;15H"
    ],
    [
      4.9e-05,
      "\u001b[?12l\u001b[?25h"
    ],
    [
      0.179358,
      "\u001b[?25l\u001b[24;54Ht\u001b[10;15H\u001b[?12l\u001b[?25h"
    ],
    [
      0.259777,
      "\u001b[?25l\u001b[24;55H\"\u001b[10;15H"
    ],
    [
      0.0011,
      "\u001b[24;53H   \u001b[10;15H"
    ],
    [
      0.001071,
      "\u001b[24;1H\u001b[1m-- INSERT --\u001b[m\u001b[24;13H\u001b[K\u001b[24;63H10,15\u001b[9CTop"
    ],
    [
      0.002837,
      "\u001b[10;15H\",\u001b[10;17H\u001b[K\u001b[10;15H\u001b[?12l\u001b[?25h"
    ],
    [
      0.266051,
      "\u001b[?25l\u001b[95mc\u001b[m\",\u001b[24;67H6\u001b[10;16H\u001b[?12l\u001b[?25h"
    ],
    [
      0.14604,
      "\u001b[?25l\u001b[95mo\u001b[m\",\u001b[24;67H7\u001b[10;17H\u001b[?12l\u001b[?25h"
    ],
    [
      0.102619,
      "\u001b[?25l\u001b[95mw\u001b[m\",\u001b[24;67H8\u001b[10;18H\u001b[?12l\u001b[?25h"
    ],
    [
      0.483941,
      "\u001b[?25l\u001b[95ms\u001b[m\",\u001b[24;67H9\u001b[10;19H\u001b[?12l\u001b[?25h"
    ],
    [
      0.100368,
      "\u001b[?25l\u001b[95ma\u001b[m\",\u001b[24;66H20\u001b[10;20H\u001b[?12l\u001b[?25h"
    ],
    [
      0.156781,
      "\u001b[?25l\u001b[95my\u001b[m\",\u001b[24;67H1\u001b[10;21H\u001b[?12l\u001b[?25h"
    ],
    [
      0.169794,
      "\u001b[?25l\u001b[95m \u001b[m\",\u001b[24;67H2\u001b[10;22H\u001b[?12l\u001b[?25h"
    ],
    [
      0.215663,
      "\u001b[?25l\u001b[95m'\u001b[m\",\u001b[24;67H3\u001b[10;23H\u001b[?12l\u001b[?25h"
    ],
    [
      0.234113,
      "\u001b[?25l\u001b[95mh\u001b[m\",\u001b[24;67H4\u001b[10;24H\u001b[?12l\u001b[?25h"
    ],
    [
      0.12279,
      "\u001b[?25l\u001b[95me\u001b[m\",\u001b[24;67H5\u001b[10;25H\u001b[?12l\u001b[?25h"
    ],
    [
